year,style,id,parent,flag
1999,American Dark Lager,37,,
1999,American Lager/Ale or Cream Ale,6,,
1999,American-Style Amber / Red Ale,46,,
1999,American-Style Amber Lager,52,,
1999,American-Style Brown Ale,44,,
1999,American-Style Lager,7,,
1999,American-Style Light Lager,12,,
1999,American-Style Pale Ale,13,,
1999,American-Style Premium Lager,19,,
1999,American-Style Specialty Lager,3,,
1999,American-Style Wheat Ale or Lager,16,,
1999,Barley Wine-Style Ale,35,,
1999,Belgian and French-Style Specialty Ales,48,,
1999,Belgian-Style Ales,4,,
1999,Bock,14,,
1999,Bohemian-Style Pilsener,8,,
1999,Brown Porter,20,,
1999,Chocolate / Cocoa Flavored Beer,45,,
1999,Classic English-Style Pale Ale,30,,
1999,Classic Irish-Style Dry Stout,29,,
1999,English Old Ale / English Strong Ale,33,,
1999,English-Style (Extra Special) Strong Bitter,25,,
1999,English-Style Bitter,47,,
1999,English-Style Brown Ale,43,,
1999,European-Style Dark / Münchner Dunkel,18,,
1999,European-Style Pilsener,1,,
1999,Experimental Beer,9,,
1999,Foreign-Style Stout,31,,
1999,Fruit Beers (other than raspberry),10,,
1999,German-Style Brown Ale / Düsseldorf-Style Altbier,34,,
1999,German-Style Dopplebock,38,,
1999,German-Style Kölsch / Köln-Style Kölsch,22,,
1999,German-Style Märzen / Oktoberfest,49,,
1999,German-Style Pilsener,2,,
1999,German-Style Schwarzbier,40,,
1999,German-Style Wheat Ale,23,,
1999,Golden Ale / Canadian-Style Ale,21,,
1999,Herb and Spice Beer,5,,
1999,Imperial Stout,53,,
1999,India Pale Ale,42,,
1999,Irish-Style Red Ale,32,,
1999,Munich-Style Helles,15,,
1999,Non-Alcoholic (Beer) Malt Beverages,51,,
1999,Oatmeal Stout,36,,
1999,Other Strong Ale or Lager,50,,
1999,Raspberry Beers,27,,
1999,Robust Porter,11,,
1999,Scottish-Style Ale,17,,
1999,Smoke Beer,54,,
1999,Specialty Beer,39,,
1999,Specialty Honey Beer,28,,
1999,Strong Scotch Ale,24,,
1999,Sweet Stout,26,,
1999,Vienna-Style Lager,41,,
2000,American Lager,70,7,
2000,American-Style Amber / Red Ale,57,46,
2000,American-Style Amber Lager,89,52,
2000,American-Style Brown Ale,67,44,
2000,American-Style Dark Lager,94,37,
2000,American-Style India Pale Ale,78,42,
2000,American-Style Lager/Ale or Cream Ale,87,6,
2000,American-Style Light Lager,92,12,
2000,American-Style Pale Ale,74,13,
2000,American-Style Premium Lager,75,19,
2000,American-Style Specialty Lager,77,3,
2000,American-Style Wheat Ale or Lager,84,16,
2000,Barley Wine-Style Ale,81,35,
2000,Belgian- & French-Style Specialty Ales,72,48,
2000,Belgian-Style Ales,60,4,
2000,Bock,85,14,
2000,Bohemian-Style Pilsener,73,8,
2000,Brown Porter,91,20,
2000,Chocolate / Cocoa Flavored Beer,71,45,
2000,Classic English-Style Pale Ale,76,46,
2000,Classic Irish-Style Dry Stout,90,29,
2000,English Old Ale / English & American Strong Ales,68,33,
2000,English-Style (Extra Special) Strong Bitter,66,25,
2000,English-Style Bitter,88,47,
2000,English-Style Brown Ale,106,43,
2000,English-Style India Pale Ale,61,42,
2000,European-Style Dark / Münchner,93,18,
2000,European-Style Pilsener,104,1,
2000,Experimental Beer,62,9,
2000,Foreign-Style Stout,63,31,
2000,Fruit Beers (Other than Raspberry),96,10,
2000,German-Style Brown Ale / Dusseldorf-Style Altbier,56,34,
2000,German-Style Doppelbock,102,38,
2000,German-Style Kölsch / Köln-Style Kölsch,97,22,
2000,German-Style Märzen / Oktoberfest,83,49,
2000,German-Style Pilsener,69,2,
2000,German-Style Schwarzbier,101,40,
2000,German-Style Wheat Ale,55,23,
2000,Golden Ale / Canadian-Style Ale,65,21,
2000,Herb and Spice Beer,98,5,
2000,Imperial Stout,107,53,
2000,Irish-Style Red Ale,82,32,
2000,Munich-Style Helles,86,15,
2000,Non-Alcoholic (Beer) Malt Beverages,95,51,
2000,Oatmeal Stout,80,36,
2000,Other Strong Ale or Lager,58,50,
2000,Raspberry Beers,100,27,
2000,Robust Porter,79,11,
2000,Scottish-Style Ale,99,17,
2000,Smoke Beer,105,54,
2000,Specialty Beer,59,,
2000,Specialty Honey Beer,108,28,
2000,Strong Scotch Ale,103,24,
2000,Sweet Stout,64,26,
2000,Vienna-Style Lager,109,41,
2001,(Extra Special) Strong Bitter,131,,
2001,American-Style Amber / Red Ale,144,,
2001,American-Style Amber Lager,163,,
2001,American-Style Brown Ale,119,,
2001,American-Style Dark Lager,135,,
2001,American-Style India Pale Ale,160,,
2001,American-Style Lager,156,,
2001,American-Style Lager / Ale or Cream Ale,155,,
2001,American-Style Light Lager,130,,
2001,American-Style Pale Ale,111,,
2001,American-Style Premium Lager,128,,
2001,American-Style Specialty Lager,120,,
2001,American-Style Wheat Ale or Lager,129,,
2001,Barley Wine-Style Ale,139,,
2001,Belgian- & French-Style Specialty Ale,158,,
2001,Belgian-Style Ale,117,,
2001,Bitter,148,,
2001,Bock,143,,
2001,Bohemian-Style Pilsener,123,,
2001,Brown Porter,114,,
2001,Chocolate / Cocoa Flavored Beer,137,,
2001,Classic English-Style Pale Ale,164,,
2001,Classic Irish-Style Dry Stout,124,,
2001,English-Style Brown Ale,149,,
2001,English-Style India Pale Ale,110,,
2001,European-Style Dark / Münchner Dunkel,142,,
2001,European-Style Pilsener,140,,
2001,Experimental Beer,118,,
2001,Foreign-Style Stout,127,,
2001,Fruit Beer,153,,
2001,German-Style Brown Ale / Düsseldorf-Style Altbier,133,,
2001,German-Style Doppelbock,116,,
2001,German-Style Kölsch / Köln-Style Kölsch,162,,
2001,German-Style Märzen / Oktoberfest,122,,
2001,German-Style Pilsener,134,,
2001,German-Style Schwarzbier,113,,
2001,German-Style Wheat Ale,136,,
2001,Golden or Blonde Ale,157,,
2001,Herb and Spice Beer,115,,
2001,Imperial Stout,112,,
2001,Irish-Style Red Ale,121,,
2001,Munich-Style Helles,145,,
2001,Non-Alcoholic (Beer) Malt Beverages,125,,
2001,Oatmeal Stout,138,,
2001,Old Ale or Strong Ale,159,,
2001,Other Strong Ale or Lager,126,,
2001,Robust Porter,141,,
2001,Rye Beer,150,,
2001,Scottish-Style Ale,151,,
2001,Smoke Beer,146,,
2001,Specialty Beer,132,,
2001,Specialty Honey Beer,154,,
2001,Strong Scotch Ale,161,,
2001,Sweet Stout,152,,
2001,Vienna-Style Lager,147,,
2002,(Extra Special) Strong Bitter,181,,
2002,American Dark Lager,169,,
2002,American-Style Amber / Red Ale,174,,
2002,American-Style Amber Lager,204,,
2002,American-Style Brown Ale,173,,
2002,American-Style India Pale Ale,199,,
2002,American-Style Lager,207,,
2002,American-Style Lager/Ale or Cream,165,,
2002,American-Style Light Lager,195,,
2002,American-Style Pale Ale,193,,
2002,American-Style Premium Lager,220,,
2002,American-Style Specialty Lager,216,,
2002,American-Style Wheat Beer,180,,
2002,Barley Wine-Style Ale,185,,
2002,Belgian- & French-Style Ale,190,,
2002,Belgian-Style Abbey Ale,176,,
2002,Belgian-Style Sour Ale,189,,
2002,Belgian-Style Strong Specialty Ales,201,,
2002,Bitter,222,,
2002,Bock,198,,
2002,Bohemian-Style Pilsener,209,,
2002,Brown Porter,196,,
2002,Classic English-Style Pale Ale,178,,
2002,Classic Irish-Style Dry Stout,211,,
2002,Coffee Flavored Beer,202,,
2002,English-Style Brown Ale,194,,
2002,English-Style India Pale Ale,210,,
2002,European-Style Dark / Münchner Dunkel,184,,
2002,European-Style Pilsener,166,,
2002,Experimental Beer,212,,
2002,Foreign-Style Stout,197,,
2002,Fruit And Vegetable Beer,217,,
2002,German-Style Brown Ale,205,,
2002,German-Style Doppelbock,182,,
2002,German-Style Kölsch / Köln-Style Kölsch,192,,
2002,German-Style Märzen / Oktoberfest,175,,
2002,German-Style Pilsener,208,,
2002,German-Style Schwarzbier,179,,
2002,German-Style Wheat Ale,188,,
2002,Golden or Blonde Ale,171,,
2002,Herb and Spice Beer,186,,
2002,Imperial Stout,214,,
2002,Irish-Style Red Ale,172,,
2002,Munich-Style Helles,191,,
2002,Non-Alcoholic (Beer) Malt Beverages,200,,
2002,Oatmeal Stout,213,,
2002,Old Ale or Strong Ale,215,,
2002,Other Strong Ale or Lager,218,,
2002,Robust Porter,177,,
2002,Rye Beer,203,,
2002,Scottish-Style Ale,221,,
2002,Smoke Beer,167,,
2002,Specialty Beer,183,,
2002,Specialty Honey Beer,206,,
2002,Strong Scotch Ale,170,,
2002,Sweet Stout,187,,
2002,Vienna-Style Lager,168,,
2002,Wood- and Barrel-Aged Beer,219,,
2003,American Dark Lager,267,,
2003,American Lager/Ale or Cream Ale,240,,
2003,"American-Style ""Light"" Amber Lager",252,,
2003,American-Style Amber Lager,254,,
2003,American-Style Amber/Red Ale,257,,
2003,American-Style Brown Ale,236,,
2003,American-Style Hefeweizen,274,,
2003,American-Style India Pale Ale,238,,
2003,American-Style Lager,261,,
2003,American-Style Light Lager,239,,
2003,American-Style Pale Ale,255,,
2003,American-Style Premium Lager,285,,
2003,American-Style Specialty Lager,271,,
2003,American-Style Strong Pale Ale,225,,
2003,American-Style Wheat Beer,224,,
2003,Barley Wine-Style Ale,226,,
2003,Belgian-and French-Style Ale,268,,
2003,Belgian-Style Abbey Ale,258,,
2003,Belgian-Style Sour Ale,264,,
2003,Belgian-Style Strong Specialty Ale,227,,
2003,Belgian-Style White (or Wit)/Belgian-Style,281,,
2003,Bitter,282,,
2003,Bock,248,,
2003,Bohemian-Style Pilsener,247,,
2003,British Stout,244,,
2003,Brown Porter,253,,
2003,Classic English-Style Pale Ale,241,,
2003,Classic Irish-Style Dry Stout,231,,
2003,Coffee Flavored Beer,276,,
2003,English-Style Brown Ale,249,,
2003,English-Style India Pale Ale,229,,
2003,English-Style Summer Ale,230,,
2003,European-Style Dark/Münchner Dunkel,259,,
2003,European-Style Pilsener,283,,
2003,Experimental Beer,269,,
2003,Extra Special Bitter or Strong Bitter,263,,
2003,Foreign (Export)-Style Stout,284,,
2003,French- and Belgian-Style Saison,270,,
2003,Garden Beer (Fruit & Vegetable),275,,
2003,German-Style Brown Ale/Düsseldorf-Style,280,,
2003,German-Style Dopplebock,245,,
2003,German-Style Hefeweizen,237,,
2003,German-Style Kölsch/Köln-Style Kölsch,260,,
2003,German-Style Märzen / Oktoberfest,266,,
2003,German-Style Pilsener,243,,
2003,German-Style Schwarzbier,234,,
2003,German-Style Wheat Ale,262,,
2003,Golden or Blonde Ale,273,,
2003,Herb and Spice Beer,250,,
2003,Imperial or Double India Pale Ale,279,,
2003,Imperial Stout,256,,
2003,Irish-Style Red Ale,232,,
2003,Munich-Style Helles,246,,
2003,Non-Alcoholic (Beer) Malt Beverages,228,,
2003,Old Ale or Strong Ale,235,,
2003,Other Strong Ale or Lager,265,,
2003,Robust Porter,277,,
2003,Rye Beer,242,,
2003,Scottish-Style Ale,223,,
2003,Smoke Beer,278,,
2003,Specialty Beer,233,,
2003,Specialty Honey Beer,287,,
2003,Strong Scotch Ale,286,,
2003,Vienna-Style Lager,272,,
2003,Wood- and Barrel-Aged Beer,251,,
2004,American Lager/Ale or Cream Ale,310,,
2004,"American-Style ""Light"" Amber Lager",304,,
2004,American-Style Amber Lager,300,,
2004,American-Style Amber/Red Ale,347,,
2004,American-Style Brown Ale,332,,
2004,American-Style Dark Lager,325,,
2004,American-Style Hefeweizen,350,,
2004,American-Style India Pale Ale,307,,
2004,American-Style Lager,329,,
2004,American-Style Light Lager,348,,
2004,American-Style Pale Ale,344,,
2004,American-Style Premium Lager,328,,
2004,American-Style Specialty Lager,331,,
2004,American-Style Strong Pale Ale,294,,
2004,American-Style Wheat Beer,306,,
2004,Barley Wine-Style Ale,301,,
2004,Beer With Yeast,352,,
2004,Belgian- and French-Style Ale,313,,
2004,Belgian-Style Abbey Ale,327,,
2004,Belgian-Style Sour Ale,289,,
2004,Belgian-Style Strong Specialty Ale,291,,
2004,Belgian-Style White (or Wit)/Belgian-Style Wheat,314,,
2004,Bitter,339,,
2004,Bock,343,,
2004,Bohemian-Style Pilsener,321,,
2004,British Stout,342,,
2004,Brown Porter,338,,
2004,Classic English-Style Pale Ale,322,,
2004,Classic Irish-Style Dry Stout,308,,
2004,Coffee Flavored Beer,340,,
2004,English-Style Brown Ale,317,,
2004,English-Style India Pale Ale,312,,
2004,English-Style Summer Ale,334,,
2004,European-Style Dark/Münchner Dunkel,335,,
2004,European-Style Pilsener,305,,
2004,Experimental Beer,299,,
2004,Extra Special Bitter or Strong Bitter,345,,
2004,Foreign (Export)-Style Stout,341,,
2004,French- and Belgian-Style Saison,303,,
2004,Fruit and Vegetable Beer,336,,
2004,German-Style Brown Ale/Düsseldorf-Style Altbier,351,,
2004,German-Style Kölsch/Köln-Style Kölsch,315,,
2004,German-Style Märzen / Oktoberfest,349,,
2004,German-Style Pilsener,337,,
2004,German-Style Schwarzbier,292,,
2004,German-Style Strong Bock,319,,
2004,German-Style Wheat Ale,311,,
2004,Golden or Blonde Ale,297,,
2004,Herb and Spice Beer,320,,
2004,Imperial or Double India Pale Ale,302,,
2004,Imperial or Double Red Ale,293,,
2004,Imperial Stout,316,,
2004,Irish-Style Red Ale,324,,
2004,Munich-Style Helles,353,,
2004,Non-Alcoholic (Beer) Malt Beverage,346,,
2004,Old Ale or Strong Ale,298,,
2004,Other Strong Ale or Lager,309,,
2004,Robust Porter,288,,
2004,Rye Beer,295,,
2004,Scottish-Style Ale,323,,
2004,Smoke Beer,333,,
2004,South German-Style Hefeweizen,296,,
2004,Specialty Beer,290,,
2004,Specialty Honey Beer,330,,
2004,Strong Scotch Ale,318,,
2004,Vienna-Style Lager,354,,
2004,Wood- and Barrel-Aged Beer,326,,
2005,American Cream Ale or Lager,377,,
2005,"American-Style ""Light"" Amber Lager",415,,
2005,American-Style Amber / Red Ale,368,,
2005,American-Style Amber Lager,416,,
2005,American-Style Brown Ale,360,,
2005,American-Style Dark Lager,372,,
2005,American-Style Hefeweizen,399,,
2005,American-Style India Pale Ale,379,,
2005,American-Style Lager,385,,
2005,American-Style Light Lager,419,,
2005,American-Style Low-Carbohydrate Light Lager,418,,
2005,American-Style Pale Ale,378,,
2005,American-Style Premium Lager,386,,
2005,American-Style Specialty Lager,387,,
2005,American-Style Stout,392,,
2005,American-Style Strong Pale Ale,355,,
2005,American-Style Wheat Beer,410,,
2005,Barley Wine-Style Ale,367,,
2005,Belgian- and French-Style Ale,400,,
2005,Belgian-Style Abbey Ale,393,,
2005,Belgian-Style Sour Ale,356,,
2005,Belgian-Style Strong Specialty Ale,394,,
2005,Belgian-Style White (or Wit) / Belgian-Style Wheat,371,,
2005,Bitter,421,,
2005,Bock,358,,
2005,Bohemian-Style Pilsener,406,,
2005,British Stout,383,,
2005,Brown Porter,391,,
2005,Cellar or Unfiltered Beer,402,,
2005,Classic English-Style Pale Ale,397,,
2005,Classic Irish-Style Dry Stout,374,,
2005,Coffee Flavored Beer,382,,
2005,English-Style Brown Ale,376,,
2005,English-Style India Pale Ale,389,,
2005,English-Style Summer Ale,364,,
2005,European-Style Dark / Münchner Dunkel,423,,
2005,European-Style Pilsener,369,,
2005,Experimental Beer,398,,
2005,Extra Special Bitter or Strong Bitter,373,,
2005,Foreign (Export)-Style Stout,404,,
2005,French- and Belgian-Style Saison,390,,
2005,Fruit and Vegetable Beer,414,,
2005,German-Style Brown Ale / Düsseldorf-Style Altbier,405,,
2005,German-Style Kölsch / Köln-Style Kölsch,365,,
2005,German-Style Märzen / Oktoberfest,422,,
2005,German-Style Pilsener,409,,
2005,German-Style Schwarzbier,361,,
2005,German-Style Strong Bock,408,,
2005,German-Style Wheat Ale,396,,
2005,Golden or Blonde Ale,407,,
2005,Herb and Spice Beer,413,,
2005,Imperial or Double India Pale Ale,380,,
2005,Imperial or Double Red Ale,363,,
2005,Imperial Stout,375,,
2005,Irish-Style Red Ale,362,,
2005,Munich-Style Helles,395,,
2005,Non-Alcoholic (Beer) Malt Beverage,381,,
2005,Old Ale or Strong Ale,370,,
2005,Other Strong Ale or Lager,359,,
2005,Robust Porter,420,,
2005,Rye Beer,403,,
2005,Scottish-Style Ale,384,,
2005,Smoke Beer,357,,
2005,South German-Style Hefeweizen,411,,
2005,Specialty Beer,417,,
2005,Specialty Honey Beer,412,,
2005,Strong Scotch Ale,401,,
2005,Vienna-Style Lager,388,,
2005,Wood- and Barrel-aged Beer,366,,
2006,Aged Beer,432,,
2006,American Cream Ale or Lager,457,,
2006,American-Style Amber / Red Ale,475,,
2006,American-Style Amber Lager,430,,
2006,American-Style Brown Ale,463,,
2006,American-Style Dark Lager,446,,
2006,American-Style Hefeweizen,473,,
2006,American-Style India Pale Ale,482,,
2006,American-Style Lager,441,,
2006,American-Style Light Lager,455,,
2006,American-Style Pale Ale,465,,
2006,American-Style Specialty Lager,454,,
2006,American-Style Stout,428,,
2006,American-Style Strong Pale Ale,476,,
2006,American-Style Wheat Beer,462,,
2006,Baltic-Style Porter,472,,
2006,Barley Wine-Style Ale,449,,
2006,Belgian- and French-Style Ale,444,,
2006,Belgian-Style Abbey Ale,450,,
2006,Belgian-Style Sour Ale,433,,
2006,Belgian-Style Strong Specialty Ale,492,,
2006,Belgian-Style White (or Wit) / Belgian Style Wheatwine,453,,
2006,Bitter,466,,
2006,Bock,438,,
2006,Bohemian-Style Pilsener,483,,
2006,Brown Porter,452,,
2006,Cellar or Unfiltered Beer,474,,
2006,Classic English-Style Pale Ale,478,,
2006,Classic Irish-Style Dry Stout,461,,
2006,Coffee Flavored Beer,448,,
2006,English-Style Brown Ale,468,,
2006,English-Style India Pale Ale,447,,
2006,English-Style Summer Ale,469,,
2006,European-Style Dark / Münchner Dunkel,431,,
2006,European-Style Pilsener,489,,
2006,Experimental Beer,458,,
2006,Extra Special Bitter or Strong Bitter,426,,
2006,Foreign (Export)-Style Stout,445,,
2006,French- and Belgian-Style Saison,460,,
2006,Fruit and Vegetable Beer,443,,
2006,German-Style Brown Ale / Düsseldorf-Style Alt Biersch,486,,
2006,German-Style Kölsch / Köln-Style Kölsch,424,,
2006,German-Style Märzen / Oktoberfest,427,,
2006,German-Style Pilsener,488,,
2006,German-Style Schwarzbier,477,,
2006,German-Style Strong Bock,435,,
2006,German-Style Wheat Ale,490,,
2006,Golden or Blonde Ale,440,,
2006,Herb and Spice Beer,451,,
2006,Imperial or Double India Pale Ale,442,,
2006,Imperial or Double Red Ale,484,,
2006,Imperial Stout,480,,
2006,Irish-Style Red Ale,481,,
2006,Munich-Style Helles,491,,
2006,Oatmeal Stout,479,,
2006,Old Ale or Strong Ale,456,,
2006,Other Strong Ale or Lager,439,,
2006,Robust Porter,436,,
2006,Rye Beer,434,,
2006,Scottish-Style Ale,485,,
2006,Smoke Beer,429,,
2006,South German-Style Hefeweizen,470,,
2006,Specialty Beer,467,,
2006,Specialty Honey Beer,464,,
2006,Strong Scotch Ale,487,,
2006,Sweet Stout,437,,
2006,Vienna-Style Lager,459,,
2006,Wood- and Barrel-aged Beer,425,,
2006,Wood- and Barrel-Aged Strong Beer,471,,
2007,Aged Beer,565,,
2007,American-Style Amber Lager,550,,
2007,American-Style Amber/Red Ale,529,,
2007,American-Style Brown Ale,523,,
2007,American-Style Cream Ale or Lager,547,,
2007,American-Style Dark Lager,533,,
2007,American-Style Hefeweizen,535,,
2007,American-Style India Pale Ale,507,,
2007,American-Style Lager,542,,
2007,American-Style Light Lager,554,,
2007,American-Style Pale Ale,536,,
2007,American-Style Sour Ale or German-Style,517,,
2007,American-Style Specialty Lager,503,,
2007,American-Style Stout,560,,
2007,American-Style Strong Pale Ale,520,,
2007,American-Style Wheat Beer,538,,
2007,American-Style Wheat Wine Ale,518,,
2007,Baltic-Style Porter,559,,
2007,Barley Wine Style Ale,567,,
2007,Belgian and French-Style Ale,522,,
2007,Belgian Style Abbey Ale,513,,
2007,Belgian Style Strong Specialty Ale,501,,
2007,Belgian-Style Sour Ale,562,,
2007,Belgian-Style White (or Wit)/Belgian-,511,,
2007,Bitter or Pale Mild Ale,546,,
2007,Bock,521,,
2007,Bohemian-Style Pilsener,494,,
2007,Brown Porter,539,,
2007,Cellar or Unfiltered Beer,555,,
2007,Classic English-Style Pale Ale,512,,
2007,Classic Irish-Style Dry Stout,527,,
2007,Coffee Flavored Beer,515,,
2007,Dortmunder/European Style Export or German-Style Oktoberfest/Wiesen (Meadow),519,,
2007,English Style Dark Mild Ale or English-,530,,
2007,English-Style India Pale Ale,528,,
2007,English-Style Summer Ale,558,,
2007,European Style Dark/Münchner Dunkel,496,,
2007,Experimental Beer,549,,
2007,Extra Special Bitter or Strong Bitter,504,,
2007,Foreign (Export) Style Stout,561,,
2007,French- and Belgian-Style Saison,497,,
2007,Fruit Beer or Vegetable Beer,514,,
2007,German Style Brown Ale/Düsseldorf Style,498,,
2007,German Style Kölsch/Köln Style Kölsch,509,,
2007,German Style Märzen,493,,
2007,German Style Schwarzbier,505,,
2007,German Style Strong Bock,553,,
2007,German-Style Pilsener,552,,
2007,German-Style Wheat Ale,508,,
2007,Gluten-Free Beer,531,,
2007,Golden or Blonde Ale,544,,
2007,Herb and Spice Beer,557,,
2007,Imperial or Double India Pale Ale,548,,
2007,Imperial or Double Red Ale,502,,
2007,Imperial Stout,543,,
2007,International-Style Pilsener,541,,
2007,Irish-Style Red Ale,524,,
2007,Munich-Style Helles,532,,
2007,Oatmeal Stout,566,,
2007,Old Ale or Strong Ale,556,,
2007,Other Low Strength Ale or Lager,495,,
2007,Other Strong Ale or Lager,551,,
2007,Robust Porter,525,,
2007,Rye Beer,563,,
2007,Scottish-Style Ale,545,,
2007,Smoke Beer,526,,
2007,South German-Style Hefeweizen,537,,
2007,Specialty Beer,534,,
2007,Specialty Honey Beer,564,,
2007,Strong Scotch Ale,540,,
2007,Sweet Stout,516,,
2007,Vienna-Style Lager,506,,
2007,Wood- and Barrel-Aged Beer,510,,
2007,Wood- and Barrel-Aged Sour Beer,499,,
2007,Wood- and Barrel-Aged Strong Beer,500,,
2008,Aged Beer,595,,
2008,America-Style Light Lager,609,,
2008,American-Belgo-Style Ale,589,,
2008,American-Style Amber Lager,570,,
2008,American-Style Amber/Red Ale,582,,
2008,American-Style Brown Ale,621,,
2008,American-Style Cream Ale or Lager,577,,
2008,American-Style Dark Lager,573,,
2008,American-Style Hefeweizen,603,,
2008,American-Style India Pale Ale,593,,
2008,American-Style Lager or Premium Lager,608,,
2008,American-Style or German-Style Sour Ale,576,,
2008,American-Style Pale Ale,642,,
2008,American-Style Specialty Lager,580,,
2008,American-Style Stout,634,,
2008,American-Style Strong Pale Ale,617,,
2008,American-Style Wheat Beer,616,,
2008,Baltic-Style Porter,606,,
2008,Barley Wine-Style Ale,637,,
2008,Belgian- and French-Style Ale,605,,
2008,Belgian-Style Abbey Ale,601,,
2008,Belgian-Style Lambic or Sour Ale,625,,
2008,Belgian-Style Strong Specialty Ale,639,,
2008,Belgian-Style Witbier,615,,
2008,Bitter or Pale Mild Ale,618,,
2008,Bock,594,,
2008,Bohemian-Style Pilsener,604,,
2008,Brown Porter,599,,
2008,Classic English-Style Pale Ale,600,,
2008,Classic Irish-Style Dry Stout,583,,
2008,Coffee Flavored Beer,590,,
2008,Dortmunder or German-Style Oktoberfest,586,,
2008,English-Style Dark Mild Ale or Brown Ale,581,,
2008,English-Style India Pale Ale,623,,
2008,English-Style Summer Ale,613,,
2008,European-Style Dunkel,568,,
2008,Experimental Beer,588,,
2008,Extra Special Bitter or Strong Bitter,620,,
2008,Foreign-Style Stout,628,,
2008,French- and Belgian-Style Saison,632,,
2008,Fruit or Vegetable Beer,578,,
2008,German-Style Altbier,611,,
2008,German-Style Kölsch,571,,
2008,German-Style Märzen,584,,
2008,German-Style Pilsener,640,,
2008,German-Style Schwarzbier,626,,
2008,German-Style Strong Bock,596,,
2008,German-Style Wheat Ale,631,,
2008,Gluten-Free Beer,627,,
2008,Golden or Blonde Ale,624,,
2008,Herb and Spice or Chocolate Beer,610,,
2008,Imperial or Double India Pale Ale,591,,
2008,Imperial or Double Red Ale,597,,
2008,Imperial Stout,612,,
2008,International-Style Pilsener,607,,
2008,Irish-Style Red Ale,575,,
2008,Kellerbier or Zwickelbier,641,,
2008,Munich-Style Helles,579,,
2008,Oatmeal Stout,602,,
2008,Old Ale or Strong Ale,630,,
2008,Other Strong Beer,633,,
2008,Robust Porter,622,,
2008,Rye Beer,592,,
2008,Scottish-Style Ale,614,,
2008,Session Beer,638,,
2008,Smoke Beer,572,,
2008,South German-Style Hefeweizen,569,,
2008,Specialty Beer,619,,
2008,Specialty Honey Beer,585,,
2008,Strong Scotch Ale,587,,
2008,Sweet Stout,598,,
2008,Vienna-Style Lager,636,,
2008,Wood- and Barrel-Aged Beer,574,,
2008,Wood- and Barrel-Aged Sour Beer,635,,
2008,Wood- and Barrel-Aged Strong Beer,629,,
2009,Aged Beer,651,,
2009,American-Belgo-Style Ale,706,,
2009,American-Style Amber Lager,720,,
2009,American-Style Amber/Red Ale,648,,
2009,American-Style Brown Ale,644,,
2009,American-Style Cream Ale or Lager,713,,
2009,American-Style Dark Lager,673,,
2009,American-Style India Pale Ale,666,,
2009,American-Style Lager or Premium Lager,716,,
2009,American-Style Light Lager,685,,
2009,American-Style Pale Ale,691,,
2009,American-Style Sour Ale,718,,
2009,American-Style Specialty Lager,714,,
2009,American-Style Stout,687,,
2009,American-Style Strong Pale Ale,671,,
2009,American-Style Wheat Beer,684,,
2009,American-Style Wheat Beer With Yeast,645,,
2009,Baltic-Style Porter,674,,
2009,Barley Wine Style Ale,655,,
2009,Belgian and French-Style Ale,668,,
2009,Belgian Style Strong Specialty Ale,649,,
2009,Belgian-Style Abbey Ale,669,,
2009,Belgian-Style Lambic or Sour Ale,667,,
2009,Belgian-Style Witbier,664,,
2009,Bock,652,,
2009,Bohemian-Style Pilsener,670,,
2009,Brown Porter,700,,
2009,Classic English-Style Pale Ale,682,,
2009,Classic Irish-Style Dry Stout,653,,
2009,Coffee Flavored Beer,717,,
2009,Dortmunder or German-Style Oktoberfest,705,,
2009,English Style Brown Ale,643,,
2009,English Style Mild Ale,704,,
2009,English-Style India Pale Ale,708,,
2009,English-Style Summer Ale,677,,
2009,European Style Dunkel,681,,
2009,Experimental Beer,647,,
2009,Extra Special Bitter or Strong Bitter,665,,
2009,Foreign-Style Stout,688,,
2009,French- and Belgian-Style Saison,675,,
2009,Fruit Beer or Field Beer,715,,
2009,German Style Altbier,695,,
2009,German Style Doppelbock or Eisbock,697,,
2009,German Style Kölsch,657,,
2009,German Style Märzen,699,,
2009,German Style Schwarzbier,656,,
2009,German-Style Pilsener,712,,
2009,German-Style Sour Ale,719,,
2009,German-Style Wheat Ale,663,,
2009,Gluten-Free Beer,710,,
2009,Golden or Blonde Ale,701,,
2009,Herb and Spice or Chocolate Beer,680,,
2009,Imperial India Pale Ale,650,,
2009,Imperial Red Ale,707,,
2009,Imperial Stout,683,,
2009,International-Style Pilsener,676,,
2009,Irish-Style Red Ale,672,,
2009,Kellerbier or Zwickelbier,693,,
2009,Munich-Style Helles,694,,
2009,Oatmeal Stout,658,,
2009,Old Ale or Strong Ale,711,,
2009,Ordinary or Special Bitter,690,,
2009,Other Strong Beer,679,,
2009,Out of Category – Traditionally Brewed Beer,709,,
2009,Robust Porter,660,,
2009,Rye Beer,692,,
2009,Scotch Ale,654,,
2009,Scottish-Style Ale,702,,
2009,Session Beer,659,,
2009,Smoke Beer,686,,
2009,South German-Style Hefeweizen,696,,
2009,Specialty Beer,698,,
2009,Specialty Honey Beer,703,,
2009,Sweet Stout,678,,
2009,Vienna-Style Lager,662,,
2009,Wood- and Barrel-Aged Beer,689,,
2009,Wood- and Barrel-Aged Sour Beer,661,,
2009,Wood- and Barrel-Aged Strong Beer,646,,
2010,Aged Beer,721,,
2010,American-Belgo-Style Ale,759,,
2010,American-Style Amber Lager,765,,
2010,American-Style Amber/Red Ale,752,,
2010,American-Style Brown Ale,776,,
2010,American-Style Dark Lager,768,,
2010,American-Style India Black Ale,797,,
2010,American-Style India Pale Ale,763,,
2010,American-Style Lager or Light Lager,767,,
2010,American-Style or International-Style Pilsener,781,,
2010,American-Style Pale Ale,726,,
2010,American-Style Sour Ale,754,,
2010,American-Style Specialty Lager or Cream Ale,788,,
2010,American-Style Stout,766,,
2010,American-Style Strong Pale Ale,730,,
2010,American-Style Wheat Beer,787,,
2010,American-Style Wheat Beer With Yeast,769,,
2010,Baltic-Style Porter,747,,
2010,Barley Wine-Style Ale,791,,
2010,Belgian- and French-Style Ale,741,,
2010,Belgian-Style Abbey Ale,725,,
2010,Belgian-Style Lambic or Sour Ale,722,,
2010,Belgian-Style Strong Specialty Ale,744,,
2010,Belgian-Style Witbier,745,,
2010,Bock,728,,
2010,Bohemian-Style Pilsener,778,,
2010,Brown Porter,756,,
2010,Classic English-Style Pale Ale,775,,
2010,Classic Irish-Style Dry Stout,739,,
2010,Coffee Flavored Beer,723,,
2010,Dortmunder or German-Style Oktoberfest,735,,
2010,English-Style Brown Ale,746,,
2010,English-Style India Pale Ale,789,,
2010,English-Style Mild Ale,784,,
2010,English-Style Summer Ale,733,,
2010,European-Style Dunkel,773,,
2010,Experimental Beer,729,,
2010,Extra Special Bitter or Strong Bitter,732,,
2010,Field Beer,779,,
2010,Foreign-Style Stout,783,,
2010,French- and Belgian-Style Saison,780,,
2010,Fruit Beer,796,,
2010,German-Style Altbier,751,,
2010,German-Style Doppelbock or Eisbock,793,,
2010,German-Style Kölsch,782,,
2010,German-Style Märzen,738,,
2010,German-Style Pilsener,790,,
2010,German-Style Schwarzbier,758,,
2010,German-Style Sour Ale,755,,
2010,German-Style Wheat Ale,727,,
2010,Gluten-Free Beer,798,,
2010,Golden or Blonde Ale,743,,
2010,Herb and Spice or Chocolate Beer,761,,
2010,Imperial India Pale Ale,742,,
2010,Imperial Red Ale,734,,
2010,Imperial Stout,774,,
2010,Irish-Style Red Ale,777,,
2010,Kellerbier or Zwickelbier,750,,
2010,Munich-Style Helles,794,,
2010,Oatmeal Stout,736,,
2010,Old Ale or Strong Ale,753,,
2010,Ordinary or Special Bitter,770,,
2010,Other Strong Beer,799,,
2010,Out of Category – Traditionally Brewed Beer,748,,
2010,Robust Porter,749,,
2010,Rye Beer,760,,
2010,Scotch Ale,786,,
2010,Scottish-Style Ale,757,,
2010,Session Beer,792,,
2010,Smoke Beer,724,,
2010,South German-Style Hefeweizen,737,,
2010,Specialty Beer,762,,
2010,Specialty Honey Beer,795,,
2010,Sweet Stout,731,,
2010,Vienna-Style Lager,740,,
2010,Wood- and Barrel-Aged Beer,772,,
2010,Wood- and Barrel-Aged Sour Beer,771,,
2010,Wood- and Barrel-Aged Strong Beer,785,,
2010,Wood- and Barrel-Aged Strong Stout,764,,
2011,Aged Beer,825,,
2011,American-Belgo-Style Ale,816,,
2011,American-Style Amber Lager,827,,
2011,American-Style Amber/Red Ale,837,,
2011,American-Style Black Ale,882,,
2011,American-Style Brett Ale,873,,
2011,American-Style Brown Ale,833,,
2011,American-Style Dark Lager,836,,
2011,American-Style India Pale Ale,851,,
2011,"American-Style Lager, Light Lager or Premium Lager",834,,
2011,American-Style or International-Style Pilsener,874,,
2011,American-Style Pale Ale,815,,
2011,American-Style Sour Ale,826,,
2011,American-Style Specialty Lager or Cream Ale or Lager,805,,
2011,American-Style Stout,810,,
2011,American-Style Strong Pale Ale,823,,
2011,American-Style Wheat Beer,869,,
2011,American-Style Wheat Beer With Yeast,838,,
2011,Baltic-Style Porter,842,,
2011,Barley Wine-Style Ale,820,,
2011,Belgian- and French-Style Ale,853,,
2011,Belgian-Style Abbey Ale,875,,
2011,Belgian-Style Lambic or Sour Ale,828,,
2011,Belgian-Style Strong Specialty Ale,879,,
2011,Belgian-Style Witbier,812,,
2011,Bock,860,,
2011,Bohemian-Style Pilsener,878,,
2011,Brown Porter,813,,
2011,Chocolate Beer,829,,
2011,Classic English-Style Pale Ale,800,,
2011,Classic Irish-Style Dry Stout,844,,
2011,Coffee Beer,843,,
2011,Dortmunder or German-Style Oktoberfest,856,,
2011,English-Style Brown Ale,831,,
2011,English-Style India Pale Ale,845,,
2011,English-Style Mild Ale,855,,
2011,English-Style Summer Ale,841,,
2011,European-Style Dunkel,857,,
2011,Experimental Beer,807,,
2011,Extra Special Bitter,804,,
2011,Field Beer or Pumpkin Beer,830,,
2011,Foreign-Style Stout,849,,
2011,French- and Belgian-Style Saison,802,,
2011,Fruit Beer,862,,
2011,Fruit Wheat Beer,861,,
2011,German-Style Altbier,840,,
2011,German-Style Doppelbock or Eisbock,881,,
2011,German-Style Kölsch,866,,
2011,German-Style Märzen,867,,
2011,German-Style Pilsener,811,,
2011,German-Style Schwarzbier,806,,
2011,German-Style Sour Ale,809,,
2011,German-Style Wheat Ale,865,,
2011,Gluten-Free Beer,801,,
2011,Golden or Blonde Ale,822,,
2011,Herb and Spice Beer,835,,
2011,Imperial India Pale Ale,850,,
2011,Imperial Red Ale,868,,
2011,Imperial Stout,877,,
2011,Indigenous Beer,880,,
2011,International-Style Pale Ale,846,,
2011,Irish-Style Red Ale,854,,
2011,Kellerbier or Zwickelbier,876,,
2011,Munich-Style Helles,821,,
2011,Oatmeal Stout,808,,
2011,Old Ale or Strong Ale,847,,
2011,Ordinary or Special Bitter,819,,
2011,Other Strong Beer,870,,
2011,Robust Porter,848,,
2011,Rye Beer,852,,
2011,Scotch Ale,839,,
2011,Scottish-Style Ale,832,,
2011,Session Beer,818,,
2011,Smoke Beer,858,,
2011,South German-Style Hefeweizen,872,,
2011,Specialty Beer,824,,
2011,Specialty Honey Beer,864,,
2011,Sweet Stout,871,,
2011,Vienna-Style Lager,814,,
2011,Wood- and Barrel-Aged Beer,803,,
2011,Wood- and Barrel-Aged Sour Beer,859,,
2011,Wood- and Barrel-Aged Strong Beer,863,,
2011,Wood- and Barrel-Aged Strong Stout,817,,
2012,Aged Beer,899,,
2012,American-Belgo-Style Ale,964,,
2012,American-Style Amber Lager,924,,
2012,American-Style Amber/Red Ale,958,,
2012,American-Style Black Ale,940,,
2012,American-Style Brett Ale,927,,
2012,American-Style Brown Ale,959,,
2012,American-Style Dark Lager,953,,
2012,American-Style India Pale Ale,920,,
2012,"American-Style Lager, Light Lager or Premium Lager",954,,
2012,American-Style or International-Style Pilsener,897,,
2012,American-Style Pale Ale,930,,
2012,American-Style Sour Ale,898,,
2012,American-Style Specialty Lager or Cream Ale or Lager,946,,
2012,American-Style Stout,951,,
2012,American-Style Strong Pale Ale,928,,
2012,American-Style Wheat Beer,956,,
2012,American-Style Wheat Beer With Yeast,888,,
2012,Baltic-Style Porter,912,,
2012,Barley Wine-Style Ale,886,,
2012,Belgian- and French-Style Ale,914,,
2012,Belgian-Style Abbey Ale,918,,
2012,Belgian-Style Lambic or Sour Ale,896,,
2012,Belgian-Style Strong Specialty Ale,909,,
2012,Belgian-Style Witbier,952,,
2012,Bock,965,,
2012,Bohemian-Style Pilsener,908,,
2012,Brown Porter,902,,
2012,Chocolate Beer,917,,
2012,Classic English-Style Pale Ale,889,,
2012,Classic Irish-Style Dry Stout,893,,
2012,Coffee Beer,955,,
2012,Dortmunder or German-Style Oktoberfest,913,,
2012,English-Style Brown Ale,950,,
2012,English-Style India Pale Ale,923,,
2012,English-Style Mild Ale,922,,
2012,English-Style Summer Ale,919,,
2012,European-Style Dunkel,938,,
2012,Experimental Beer,894,,
2012,Extra Special Bitter,903,,
2012,Field Beer or Pumpkin Beer,933,,
2012,Foreign-Style Stout,937,,
2012,French- and Belgian-Style Saison,885,,
2012,Fresh Hop Ale,948,,
2012,Fruit Beer,966,,
2012,Fruit Wheat Beer,911,,
2012,German-Style Altbier,929,,
2012,German-Style Doppelbock or Eisbock,941,,
2012,German-Style Kölsch,905,,
2012,German-Style Märzen,944,,
2012,German-Style Pilsener,906,,
2012,German-Style Schwarzbier,935,,
2012,German-Style Sour Ale,915,,
2012,German-Style Wheat Ale,916,,
2012,Gluten-Free Beer,936,,
2012,Golden or Blonde Ale,901,,
2012,Herb and Spice Beer,891,,
2012,Imperial India Pale Ale,900,,
2012,Imperial Red Ale,932,,
2012,Imperial Stout,957,,
2012,Indigenous Beer,926,,
2012,International-Style Pale Ale,963,,
2012,Irish-Style Red Ale,949,,
2012,Kellerbier or Zwickelbier,934,,
2012,Munich-Style Helles,887,,
2012,Oatmeal Stout,884,,
2012,Old Ale or Strong Ale,962,,
2012,Ordinary or Special Bitter,939,,
2012,Other Strong Beer,904,,
2012,Robust Porter,890,,
2012,Rye Beer,961,,
2012,Scotch Ale,960,,
2012,Scottish-Style Ale,925,,
2012,Session Beer,921,,
2012,Smoke Beer,943,,
2012,South German-Style Hefeweizen,945,,
2012,Specialty Beer,910,,
2012,Specialty Honey Beer,942,,
2012,Sweet Stout,895,,
2012,Vienna-Style Lager,883,,
2012,Wood- and Barrel-Aged Beer,931,,
2012,Wood- and Barrel-Aged Sour Beer,892,,
2012,Wood- and Barrel-Aged Strong Beer,907,,
2012,Wood- and Barrel-Aged Strong Stout,947,,
2013,Aged Beer,1043,,
2013,American-Belgo-Style Ale,1027,,
2013,American-Style Amber Lager,969,,
2013,American-Style Amber/Red Ale,1009,,
2013,American-Style Black Ale,985,,
2013,American-Style Brett Beer,1039,,
2013,American-Style Brown Ale,991,,
2013,American-Style Cream Ale,989,,
2013,American-Style Dark Lager,1037,,
2013,American-Style India Pale Ale,1015,,
2013,American-Style Lager or Light Lager,987,,
2013,American-Style or International-Style Pilsener,976,,
2013,American-Style Pale Ale,983,,
2013,American-Style Sour Ale,975,,
2013,American-Style Stout,997,,
2013,American-Style Strong Pale Ale,1018,,
2013,American-Style Wheat Beer,1024,,
2013,American-Style Wheat Beer With Yeast,1050,,
2013,Baltic-Style Porter,970,,
2013,Barley Wine-Style Ale,1005,,
2013,Belgian- and French-Style Ale,1048,,
2013,Belgian-Style Abbey Ale,1008,,
2013,Belgian-Style Lambic or Sour Ale,986,,
2013,Belgian-Style Strong Specialty Ale,1046,,
2013,Belgian-Style Witbier,1016,,
2013,Bock,1030,,
2013,Bohemian-Style Pilsener,1011,,
2013,Brown Porter,996,,
2013,Chocolate Beer,993,,
2013,Classic English-Style Pale Ale,1013,,
2013,Classic Irish-Style Dry Stout,1012,,
2013,Coffee Beer,1035,,
2013,Dortmunder or German-Style Oktoberfest,1004,,
2013,English-Style Brown Ale,1028,,
2013,English-Style India Pale Ale,973,,
2013,English-Style Mild Ale,979,,
2013,English-Style Summer Ale,998,,
2013,European-Style Dunkel,999,,
2013,Experimental Beer,1040,,
2013,Extra Special Bitter,1021,,
2013,Field Beer or Pumpkin Beer,1041,,
2013,Foreign-Style Stout,990,,
2013,French- and Belgian-Style Saison,1023,,
2013,Fresh Hop Ale,980,,
2013,Fruit Beer,1031,,
2013,Fruit Wheat Beer,971,,
2013,German-Style Altbier,977,,
2013,German-Style Doppelbock or Eisbock,1049,,
2013,German-Style Kölsch,1001,,
2013,German-Style Märzen,1026,,
2013,German-Style Pilsener,1006,,
2013,German-Style Schwarzbier,972,,
2013,German-Style Sour Ale,1014,,
2013,German-Style Wheat Ale,1029,,
2013,Gluten-Free Beer,1000,,
2013,Golden or Blonde Ale,992,,
2013,Herb and Spice Beer,1042,,
2013,Imperial India Pale Ale,1034,,
2013,Imperial Red Ale,981,,
2013,Imperial Stout,1045,,
2013,Indigenous Beer,1036,,
2013,International-Style Pale Ale,967,,
2013,Irish-Style Red Ale,1038,,
2013,Kellerbier or Zwickelbier,1002,,
2013,Munich-Style Helles,1010,,
2013,Oatmeal Stout,1020,,
2013,Old Ale or Strong Ale,994,,
2013,Ordinary or Special Bitter,978,,
2013,Other Strong Beer,974,,
2013,Robust Porter,984,,
2013,Rye Beer,988,,
2013,Scotch Ale,1032,,
2013,Scottish-Style Ale,1025,,
2013,Session Beer,1017,,
2013,Smoke Beer,1044,,
2013,South German-Style Hefeweizen,1003,,
2013,Specialty Beer,1047,,
2013,Specialty Honey Beer,1007,,
2013,Sweet Stout or Cream Stout,1019,,
2013,Vienna-Style Lager,1033,,
2013,Wood- and Barrel-Aged Beer,1022,,
2013,Wood- and Barrel-Aged Sour Beer,968,,
2013,Wood- and Barrel-Aged Strong Beer,982,,
2013,Wood- and Barrel-Aged Strong Stout,995,,
2014,Aged Beer,1104,,
2014,American-Belgo-Style Ale,1100,,
2014,American-Style Amber Lager,1101,,
2014,American-Style Amber/Red Ale,1072,,
2014,American-Style Black Ale,1130,,
2014,American-Style Brett Beer,1080,,
2014,American-Style Brown Ale,1063,,
2014,American-Style Cream Ale,1116,,
2014,American-Style Dark Lager,1112,,
2014,American-Style Fruit Beer,1120,,
2014,American-Style India Pale Ale,1070,,
2014,American-Style Lager or Light Lager,1079,,
2014,American-Style or International-Style,1092,,
2014,American-Style Pale Ale,1126,,
2014,American-Style Sour Ale,1140,,
2014,American-Style Stout,1067,,
2014,American-Style Strong Pale Ale,1088,,
2014,American-Style Wheat Beer,1060,,
2014,American-Style Wheat Beer With Yeast,1103,,
2014,Baltic-Style Porter,1107,,
2014,Barley Wine-Style Ale,1073,,
2014,Belgian- and French-Style Ale,1113,,
2014,Belgian-Style Abbey Ale,1111,,
2014,Belgian-Style Blonde Ale or Pale Ale,1122,,
2014,Belgian-Style Fruit Beer,1077,,
2014,Belgian-Style Lambic or Sour Ale,1058,,
2014,Belgian-Style Strong Specialty Ale,1114,,
2014,Belgian-Style Tripel,1081,,
2014,Belgian-Style Witbier,1076,,
2014,Bock,1054,,
2014,Bohemian-Style Pilsener,1134,,
2014,Brown Porter,1110,,
2014,Chocolate Beer,1129,,
2014,Classic English-Style Pale Ale,1123,,
2014,Classic Irish-Style Dry Stout,1117,,
2014,Coffee Beer,1074,,
2014,Dortmunder or German-Style Oktoberfest,1065,,
2014,English-Style Brown Ale,1056,,
2014,English-Style India Pale Ale,1082,,
2014,English-Style Mild Ale,1115,,
2014,English-Style Summer Ale,1075,,
2014,European-Style Dunkel,1086,,
2014,Experimental Beer,1108,,
2014,Extra Special Bitter,1133,,
2014,Field Beer,1066,,
2014,Foreign-Style Stout,1097,,
2014,French- and Belgian-Style Saison,1069,,
2014,Fresh or Wet Hop Ale,1071,,
2014,Fruit Wheat Beer,1051,,
2014,German-Style Altbier,1125,,
2014,German-Style Doppelbock or Eisbock,1084,,
2014,German-Style Kölsch,1091,,
2014,German-Style Märzen,1061,,
2014,German-Style Pilsener,1062,,
2014,German-Style Schwarzbier,1052,,
2014,German-Style Sour Ale,1106,,
2014,German-Style Wheat Ale,1139,,
2014,Gluten-Free Beer,1136,,
2014,Golden or Blonde Ale,1098,,
2014,Herb and Spice Beer,1102,,
2014,Historical Beer,1057,,
2014,Imperial India Pale Ale,1137,,
2014,Imperial Red Ale,1083,,
2014,Imperial Stout,1135,,
2014,Indigenous/Regional Beer,1109,,
2014,International-Style Pale Ale,1118,,
2014,Irish-Style Red Ale,1055,,
2014,Kellerbier or Zwickelbier,1093,,
2014,Munich-Style Helles,1053,,
2014,Oatmeal Stout,1119,,
2014,Old Ale or Strong Ale,1124,,
2014,Ordinary or Special Bitter,1121,,
2014,Other Belgian-Style Ale,1099,,
2014,Other Strong Beer,1096,,
2014,Pumpkin Beer,1128,,
2014,Robust Porter,1127,,
2014,Rye Beer,1090,,
2014,Scotch Ale,1138,,
2014,Scottish-Style Ale,1089,,
2014,Session Beer,1131,,
2014,Smoke Beer,1059,,
2014,South German-Style Hefeweizen,1095,,
2014,Specialty Beer,1094,,
2014,Specialty Honey Beer,1085,,
2014,Sweet Stout or Cream Stout,1087,,
2014,Vienna-Style Lager,1105,,
2014,Wood- and Barrel-Aged Beer,1132,,
2014,Wood- and Barrel-Aged Sour Beer,1064,,
2014,Wood- and Barrel-Aged Strong Beer,1068,,
2014,Wood- and Barrel-Aged Strong Stout,1078,,
2015,Aged Beer,1223,,
2015,American-Belgo-Style Ale,1227,,
2015,American-Style Amber Lager,1191,,
2015,American-Style Amber/Red Ale,1230,,
2015,American-Style Black Ale,1167,,
2015,American-Style Brown Ale,1149,,
2015,American-Style Cream Ale,1164,,
2015,American-Style Dark Lager,1186,,
2015,American-Style Fruit Beer,1156,,
2015,American-Style India Pale Ale,1196,,
2015,American-Style Lager or Light Lager,1199,,
2015,American-Style or International-Style Pilsener,1173,,
2015,American-Style Pale Ale,1209,,
2015,American-Style Sour Ale,1201,,
2015,American-Style Stout,1153,,
2015,American-Style Strong Pale Ale,1220,,
2015,American-Style Wheat Beer,1165,,
2015,American-Style Wheat Beer With Yeast,1169,,
2015,Baltic-Style Porter,1162,,
2015,Barley Wine-Style Ale,1217,,
2015,Belgian- and French-Style Ale,1194,,
2015,Belgian-Style Blonde Ale or Pale Ale,1160,,
2015,Belgian-Style Dubbel or Quadruple,1231,,
2015,Belgian-Style Fruit Beer,1197,,
2015,Belgian-Style Lambic or Sour Ale,1200,,
2015,Belgian-Style Strong Specialty Ale,1151,,
2015,Belgian-Style Tripel,1146,,
2015,Belgian-Style Witbier,1178,,
2015,Bock,1183,,
2015,Bohemian-Style Pilsener,1180,,
2015,Brett Beer,1225,,
2015,Brown Porter,1207,,
2015,Chili Beer,1192,,
2015,Chocolate Beer,1219,,
2015,Classic English-Style Pale Ale,1232,,
2015,Classic Irish-Style Dry Stout,1184,,
2015,Coffee Beer,1187,,
2015,Dortmunder or German-Style Oktoberfest,1213,,
2015,Double Red Ale,1175,,
2015,English-Style Brown Ale,1185,,
2015,English-Style India Pale Ale,1154,,
2015,English-Style Mild Ale,1212,,
2015,English-Style Summer Ale,1161,,
2015,European-Style Dark/Münchner Dunkel,1150,,
2015,Experimental Beer,1177,,
2015,Export Stout,1204,,
2015,Extra Special Bitter,1166,,
2015,Field Beer,1218,,
2015,French- and Belgian-Style Saison,1144,,
2015,Fresh or Wet Hop Ale,1216,,
2015,Fruit Wheat Beer,1189,,
2015,German-Style Altbier,1211,,
2015,German-Style Doppelbock or Eisbock,1176,,
2015,German-Style Kölsch,1179,,
2015,German-Style Märzen,1157,,
2015,German-Style Pilsener,1163,,
2015,German-Style Schwarzbier,1206,,
2015,German-Style Sour Ale,1145,,
2015,German-Style Wheat Ale,1224,,
2015,Gluten-Free Beer,1159,,
2015,Golden or Blonde Ale,1228,,
2015,Herb and Spice Beer,1155,,
2015,Historical Beer,1172,,
2015,Honey Beer,1142,,
2015,Imperial India Pale Ale,1222,,
2015,Imperial Red Ale,1214,,
2015,Imperial Stout,1181,,
2015,International-Style Pale Ale,1174,,
2015,Irish-Style Red Ale,1221,,
2015,Kellerbier or Zwickelbier,1152,,
2015,Munich-Style Helles,1198,,
2015,Oatmeal Stout,1168,,
2015,Old Ale or Strong Ale,1158,,
2015,Ordinary or Special Bitter,1208,,
2015,Other Belgian-Style Ale,1195,,
2015,Other Strong Beer,1229,,
2015,Pumpkin Beer,1171,,
2015,Robust Porter,1141,,
2015,Rye Beer,1170,,
2015,Scotch Ale,1182,,
2015,Scottish-Style Ale,1190,,
2015,Session Beer,1203,,
2015,Session India Pale Ale,1226,,
2015,Smoke Beer,1205,,
2015,South German-Style Hefeweizen,1202,,
2015,Specialty Beer,1215,,
2015,Sweet Stout or Cream Stout,1148,,
2015,Vienna-Style Lager,1193,,
2015,Wood- and Barrel-Aged Beer,1210,,
2015,Wood- and Barrel-Aged Sour Beer,1147,,
2015,Wood- and Barrel-Aged Strong Beer,1188,,
2015,Wood- and Barrel-Aged Strong Stout,1143,,